id,name,full_name,description,category,website,phone,email,address,working_hours,services,is_digital_enabled,social_media
550e8400-e29b-41d4-a716-446655440001,MAGA,"Ministerio de Agricultura, Ganadería y Alimentación","Institución encargada de fomentar el desarrollo rural del sector agropecuario, forestal e hidrobiológico, a traves de la transformación y modernización de los medios productivos, organizactivos y comerciales.",agricultura,http://web.maga.gob.gt,24137000,,"7a. Avenida 12-90 zona 13, edificio Monja Blanca",8:00 hrs a 16:30 hrs,"Desarrollo rural integral|Transformación agropecuaria|Seguridad alimentaria|Sostenibilidad de recursos naturales",TRUE,https://www.facebook.com/maga.gt
550e8400-e29b-41d4-a716-446655440002,MARN,Ministerio de Ambiente y Recursos Naturales,"Institución encargada de proteger y fomentar los recursos, bienes y servicios naturales públicos.  Tambien regula la gestion ambiental y el desarrollo sostenible.",ambiente,http://www.marn.gob.gt,24230500,rpublicas@marn.gob.gt,"7 avenida 03-67, zona 13, Ciudad Guatemala",8:00 hrs a 16:30 hrs,"Gestión ambiental|Desarrollo sostenible|Protección de recursos naturales",TRUE,https://www.facebook.com/marngtambiente/
550e8400-e29b-41d4-a716-446655440003,MICIVI,"Ministerio de Comunicaciones, Infraestructura y Vivienda","Institución encargada de direccionar, reglamentar y representar los sectores de comunicaciones, insfraestructura y vivienda.  Al giaul que el mantenimiento y desarrollo del sistema de transporte.",vivienda,http://www.civ.gob.gt,2223 4000,,"8a Avenida y 15 calle zona 13,  Guatemala",9:00 hrs a 17:00 hrs,"Comunicaciones|Infraestructura|Vivienda|Sistema de transporte",TRUE,https://www.facebook.com/civguate/
550e8400-e29b-41d4-a716-446655440004,MCD,Ministerio de Cultura y Deportes,"Institución encargada a la conservación y desarrollo de la cultura guatemalteca, y el cuidado de la autenticidad de sus diversas manifestaciones; la protección de los monumentos y de los edificios, instituciones y áreas de interés histórico o cultural y el impulso de la recreación y del deporte no federado ni escolar.",cultura,https://mcd.gob.gt/,22395000,info@mcd.gob.gt,6 calle y 6 avenida zona 1 Palacio Nacional,9:00 hrs a 17:00 hrs,"Conservación cultural|Desarrollo cultural|Protección de monumentos|Recreación y deporte",TRUE,https://www.facebook.com/CulturayDeportesGT/
550e8400-e29b-41d4-a716-446655440005,MINDEF,Ministerio de la Defensa Nacional,Institución encargada de formular politicas para el cumplimiento de la defensa de la soberanía nacional. Actua como ógano intermediario entre el ejercito y las demas instituciones del estado.,defensa,http://www.mindef.mil.gt,44974051,dideprensa@gmail.com,Ave. Reforma 1-45 zona 10.,---,"Defensa nacional|Coordinación militar|Administración de defensa",TRUE,https://www.facebook.com/EjercitoGT/
550e8400-e29b-41d4-a716-446655440006,MIDES,Ministerio de Desarrollo Social,Institución encargada de generar políticas públicas para mejorar el nivel de vida de los grupos y personas vulnerables.,desarrollo,http://mides.gob.gt/webtwo/,2300 5400,INFO@MIDES.GOB.GT,5a. AV. 8-78 ZONA 9 GUATEMALA EDIFICIO PLAZA LAUDERDALE,8:00 hrs a 16:30 hrs,"Desarrollo social sostenible|Reducción de pobreza|Políticas públicas sociales",TRUE,https://www.facebook.com/Mides-Guatemala-1936605733288082/
550e8400-e29b-41d4-a716-446655440007,MINECO,Ministerio de Economía,"Institución encargada de promover el desarrollo económico, creando empleos y oportunidades de inversión.",negocios,http://www.mineco.gob.gt/,2412-0200,comunicacionsocial@mineco.gob.gt,8a. Avenida 10-43 Zona 1 Ciudad de Guatemala,8:00 hrs a 16:00 hrs,"Desarrollo económico|Creación de empleos|Oportunidades de inversión|Comercio exterior",TRUE,https://www.facebook.com/GUATEMINECO/
550e8400-e29b-41d4-a716-446655440008,MINEDUC,Ministerio de Educación,Institución encargada de generar oportunidades de enseñansa y aprendizaje.,educacion,http://www.mineduc.gob.gt/portal/index.asp,24119595,info@mineduc.gob.gt,6a. Calle 1-87 Zona 10,9:00 hrs a 17:30 hrs,"Oportunidades de enseñanza-aprendizaje|Educación pública|Desarrollo educativo",TRUE,https://www.facebook.com/MineducGuate/
550e8400-e29b-41d4-a716-446655440009,MEM,Ministerio de Energía y Minas,"Institución encarga de regular los sectores de energía y minas, y fomentar el aprovechamiento adecuado de los recursos naturales",energia,http://www.mem.gob.gt/,2419 6464,,"Diagonal 17, 29-78 zona 11, Las Charcas",8:00 hrs a 16:00 hrs,"Regulación energética|Sector minero|Aprovechamiento de recursos naturales",TRUE,https://www.facebook.com/MEMguatemala/
550e8400-e29b-41d4-a716-446655440010,MINFIN,Ministerio de Finanzas Públicas,Institución encarga de administrar los recursos financieros y patrimoniales del estado.,finanzas,http://www.minfin.gob.gt/,23743000,,"8a. Avenida 20-59 Zona 1, Centro Cívico, Guatemala",8:00 hrs a 16:30 hrs,"Administración financiera|Recursos patrimoniales|Política fiscal sostenible",TRUE,https://www.facebook.com/MinfinGT/
550e8400-e29b-41d4-a716-446655440011,MINGOB,Ministerio de Gobernación,"Institución encarga de generar polítcas relacionadas con el mantenimiento de la paz y orden público, al igual que la administración de los regímenes migratorios, penitenciares y los cuerpo de seguridad interna.",gobernacion,http://mingob.gob.gt/,24138888,,"6 avenida 13-71 zona 1, Guatemala, Guatemala",9:00 hrs a 17:30 hrs,"Mantenimiento de paz|Orden público|Regímenes migratorios|Sistema penitenciario",TRUE,https://www.facebook.com/mingobguate/
550e8400-e29b-41d4-a716-446655440012,MINEX,Ministerio de Relaciones Exteriores,"Es el ente encargado de la formulación de las políticas y aplicación del régimen jurídico a las relaciones internacionales del Estado de Guatemala con otros Estados, siendo dependencia del Organismo Ejecutivo",relaciones,https://www.minex.gob.gt/,24100000,,"2a Av. 4-17 zona 10, Ciudad de Guatemala",8:00 hrs a 16:00 hrs,"Relaciones internacionales|Representación diplomática|Nacionalidad guatemalteca|Asuntos consulares",TRUE,https://www.facebook.com/minex.guatemala.9
550e8400-e29b-41d4-a716-446655440013,MSPAS,Ministerio de Salud Pública y Asistencia Social,"Insitución encargada formular las políticas y hacer cumplir la salud preventiva y curativa y a las acciones de protección, promoción, recuperación y rehabilitación de la salud física y mental de los habitantes del país y a la preservación higiénica de medio ambiente",salud,https://www.mspas.gob.gt/index.php/servicios,2444 7474,,"6ta. Av. 3-45 zona 11, Guatemala",8:00 hrs a 17:00 hrs,"Salud preventiva y curativa|Protección de la salud|Rehabilitación|Preservación higiénica",TRUE,https://www.facebook.com/MinisteriodeSaludPublicayAsistenciaSocial/
550e8400-e29b-41d4-a716-446655440014,MINTRABAJO,Ministerio de Trabajo y Previsión Social,"Insitución que constituye la planificación, orientación, dirección y ejecución de la política laboral del país, con la colaboración de los distin­tos servicios y funcionarios de la rama administrativa de tra­bajo.",trabajo,https://www.mintrabajo.gob.gt/,24222501,,7 avenida 3-33 Zona 9 - Edificio Torre Empresarial,9:00 hrs a 17:00 hrs,"Política laboral|Previsión social|Legislación laboral",TRUE,https://www.facebook.com/Mintrabajoguatemala/
550e8400-e29b-41d4-a716-446655440015,SGP,Secretaría General de la Presidencia,Es el órgano responsable del apoyo jurídico y administrativo de carácter inmediato y constante del Presidente de la República.,presidencia,https://sgp.gob.gt/,23184600,libreacceso@sgp.gob.gt,"6av. 5-34 zona 1, Guatemala, Guatemala.",9:00 hrs a 17:00 hrs,"Apoyo jurídico presidencial|Administración presidencial",TRUE,https://www.facebook.com/Secretar%C3%ADa-General-de-la-Presidencia-de-la-Rep%C3%BAblica-de-Guatemala-349783331764602/
550e8400-e29b-41d4-a716-446655440016,SPP,Secretaría Privada de la Presidencia,"Órgano que sirve de enlace en los asuntos que se dirijan al Presidente de la República de Guatemala, orientándolos conforme a su naturaleza, hacia distintas dependencias del Estado, cuya competencia les permite conocer los mismos.",presidencia,http://www.secretariaprivada.gob.gt/index.html,25026363,Informacion@secretariaprivada.gob.gt,6ta avenida 4-46 zona 1,9:00 hrs a 17:30 hrs,"Apoyo presidencial|Asuntos privados y oficiales",TRUE,
550e8400-e29b-41d4-a716-446655440017,SCEP,Secretaría de Coordinación Ejecutiva de la Presidencia,"Entidad pública comprometida con el desarrollo nacional, responsable de colaborar con el Presidente de la República en la coordinación, dirección y fortalecimiento del Sistema de Consejos de Desarrollo; y de la Descentralización del Organismo Ejecutivo, por medio de estrategias y métodos de trabajo para el cumplimento de sus objetivos.",presidencia,https://www.scep.gob.gt/,2210 4141,info@scep.gob.gt,"5ta. Avenida 6-06 Zona 1, Edificio IPM, 3er. y 4to. nivel Guatemala",7:00 hrs a 15:30 hrs,"Coordinación de desarrollo|Descentralización|Políticas públicas",TRUE,https://www.facebook.com/secretariaejecutiva.scep
550e8400-e29b-41d4-a716-446655440018,SCSPR,Secretaría de Comunicación Social de la Presidencia,"Órgano que tiene la función de servir como vínculo de información con los medios de comunicación social, y de formular, coordinar y ejecutar la política de comunicación del Gobierno de la República.",presidencia,https://www.scspr.gob.gt/,2339 2501,,"6 Avenida y 6 Calle - Palacio Nacional de Ia Cultura, Patio de Ia Paz, 1",9:00 hrs a 17:30 hrs,"Comunicación social|Política de comunicación gubernamental",TRUE,https://www.facebook.com/scsprgt/
550e8400-e29b-41d4-a716-446655440019,SIE,Secretaría de Inteligencia Estratégica del Estado,"Institución responsable de producir inteligencia en los campos estratégicos, respetando el ámbito de competencia de las demás instituciones del Sistema Nacional de Inteligencia.",seguridad,https://www.sie.gob.gt/portal/,22227500,contactos@sie.gob.gt,"7a. Ave. 3-54, Zona 1 Ciudad de Guatemala",8:00 hrs a 16:30 hrs,"Inteligencia estratégica|Prevención de riesgos|Seguridad nacional",TRUE,https://www.facebook.com/sie.gob.gt/
550e8400-e29b-41d4-a716-446655440020,SEGEPLAN,Secretaría de Planificación y Programación de la Presidencia,"Ente de planificación del Estado, que asesora y asiste técnicamente a las instituciones públicas y al Sistema de Consejos de Desarrollo, para vincular los procesos de políticas públicas, planificación y programación con el Plan y la Política Nacional de Desarrollo, así como de su debido seguimiento y evaluación.",presidencia,https://www.segeplan.gob.gt/nportal/,2504 4444,,"9a. calle 10-44 zona 1, Guatemala, Guatemala.",,"Planificación estatal|Políticas públicas|Desarrollo nacional",TRUE,https://www.facebook.com/SegeplanGT/
550e8400-e29b-41d4-a716-446655440021,SAAS,Secretaría de Asuntos Administrativos y de Seguridad de la Presidencia de la República,"Entidad permanente, con organización jerárquica y profesional, con especialidad en seguridad, y de naturaleza civil, cuyo régimen jurídico se determina su propia Ley Orgánica.",seguridad,https://www.saas.gob.gt/,23276000,reclutamiento@saas.gob.gt,"6 AV. ""A"" 4-18 ZONA 1 CALLEJÓN ""DEL MANCHEN""",--,"Seguridad presidencial|Apoyo logístico|Administración presidencial",TRUE,
550e8400-e29b-41d4-a716-446655440022,SEPAZ,Secretaría de la Paz de la Presidencia de la República,"Entidad desde su creación tiene como responsabilidad el apoyo, asesoría y coordinación para el cumplimiento de los compromisos gubernamentales de los Acuerdos de Paz de la Presidencia de la República.",presidencia,https://sepaz.gob.gt/,23224500,sepaz@sepaz.gob.gt,"17 Calle 8-36 zona 1, Ciudad de Guatemala",8:30 hrs a 16:30 hrs,"Acuerdos de Paz|Coordinación gubernamental|Políticas de paz",TRUE,https://www.facebook.com/sepazgt
550e8400-e29b-41d4-a716-446655440023,SBS,Secretaría de Bienestar Social de la Presidencia,"Órgano administrativo que tiene a su cargo la formulación, coordinación y ejecución de las Políticas Públicas de Protección Integral de la Niñez y Adolescencia guatemalteca, contribuyendo al bienestar familiar y comunitario.",desarrollo,https://www.sbs.gob.gt/,24143535,,32 calle 9-34 zona 11 las Charcas,8:00 hrs a 16:30 hrs,"Protección de niñez|Bienestar familiar|Políticas sociales",TRUE,https://www.facebook.com/somossbs/
550e8400-e29b-41d4-a716-446655440024,SEPREM,Secretaría Presidencial de la Mujer,Entidad asesora y coordinadora de políticas públicas para promover el desarrollo integral de las mujeres guatemaltecas y el fomento de una cultura democrática.,desarrollo,https://seprem.gob.gt/,22079400,informacion@seprem.gob.gt,"4a. Calle 7-37 zona 1, Ciudad de Guatemala", 8:00 a 16:30 hrs,"Desarrollo integral de mujeres|Equidad de género|Políticas públicas",TRUE,https://www.facebook.com/SEPREM/
550e8400-e29b-41d4-a716-446655440025,SAA,Secretaría de Asuntos Agrarios de la Presidencia de la República,"Entidad que define y conduce estrategias que faciliten la resolución de conflictos derivados de la propiedad, posesión o tenencia de la tierra, por la vía del diálogo, negociación y arbitraje.",agricultura,http://portal.saa.gob.gt/,23121200,info@saa.gob.gt,"Avenida La Reforma 8-50, Guatemala",08:00 AM a 16:30 hrs,"Política agraria|Resolución de conflictos|Desarrollo rural integral",TRUE,https://www.facebook.com/SecretariaSAA/
550e8400-e29b-41d4-a716-446655440026,SESAN,Secretaría de Seguridad Alimentaria y Nutricional,"órgano de coordinación del SINASAN, tiene la responsabilidad como dicho órgano, de concertar la operación interministerial del Plan Estratégico de Seguridad Alimentaria y Nutricional. Asimismo tiene que organizar aquellos programas y proyectos que realizan otras instituciones gubernamentales en dicha materia. La SESAN obedece y ejecuta las directrices y  lineamientos trazados por el Consejo Nacional de Seguridad Alimentaria y Nutricional (CONASAN), también tiene la demanda de presentar las políticas concernientes a su materia a dicho rector del SINASAN, para su aprobación.",salud,http://www.sesan.gob.gt/,24111900,,"8A Avenida 13-06, Zona 1",8:00 a 16:30 hrs,"Seguridad alimentaria|Coordinación nutricional|Políticas alimentarias",TRUE,https://www.facebook.com/Sesangt/
550e8400-e29b-41d4-a716-446655440027,SENACYT,Secretaría Nacional de Ciencia y Tecnología,Órgano que constituye el marco general para la orientación de las actividades científicas y tecnológicas en la República de Guatemala.,educacion,https://www.senacyt.gob.gt/portal/,23172600,infosenacyt@senacyt.gob.gt,"3av. 13-28 Zona 1,",8:00 a 16:30 hrs,"Ciencia y tecnología|Actividades científicas|Desarrollo tecnológico",TRUE,https://www.facebook.com/senacyt/
550e8400-e29b-41d4-a716-446655440028,SOSEP,Secretaría de Obras Sociales de la Esposa del Presidente de la República,"Organismo encargado de impulsar e implementar programas de carácter social que beneficien a los niños, las niñas, las familias y la comunidad en general.",desarrollo,http://www.sosep.gob.gt/,23276000,uip@sosep.gob.gt,"6TA. AVENIDA 4-65 ZONA 1, PUERTA NO. 1 CASA PRESIDENCIAL GUATEMALA",8:00 a 16:30 hrs,"Desarrollo integral familiar|Programas sociales|Seguridad alimentaria",TRUE,https://www.facebook.com/sosepguatemala
550e8400-e29b-41d4-a716-446655440029,SENABED,Secretaría Nacional de Administración de Bienes en Extinción,"Entidad guatemalteca adscrita y dependiente de la Vicepresidencia de la República, la cual vela por la correcta administración de todos los bienes que tenga bajo su responsabilidad y los declarados en extinción del dominio en aplicación con el Decreto 55-2010 del Congreso de la República, Ley de Extinción de Dominio.",justicia,https://www.senabed.gob.gt/,24950600,,"Diagonal 6, 10-26 Zona 10",8:00 a 16:30 hrs,"Administración de bienes|Extinción de dominio|Gestión patrimonial",TRUE,https://www.facebook.com/senabedguatemala/
550e8400-e29b-41d4-a716-446655440030,SVET,Secretaría contra la Violencia sexual Explotación y Trata de Personas,"Institución referente en la reducción de los delitos contra la violencia sexual, explotación y trata de personas. Ente rector, articulador y asesor en Guatemala para la prevención, atención, persecución y sanción de los delitos de violencia sexual, explotación y trata de personas.",justicia,http://www.svet.gob.gt/,25048888,svet@vicepresidencia.gob.gt,"4a. Calle 5-51, zona 1",8:00 a 16:30 hrs,"Prevención de violencia sexual|Lucha contra trata de personas|Protección de víctimas",TRUE,https://www.facebook.com/secretariasvet/